AccX[mg]	AccY[mg]	AccZ[mg]	GyrX[dps]	GyrY[dps]	GyrZ[dps]	
-4.026000	5.673000	1027.849976	0.883750	-2.200625	-3.093125
000:00:00:058 [INFO] [main.cpp:54] 