AccX[mg]	AccY[mg]	AccZ[mg]	GyrX[dps]	GyrY[dps]	GyrZ[dps]	
-7.686000	-17.629000	1021.872009	0.883750	-2.205000	0.000000
000:00:00:096 [INFO] [main.cpp:54] -11.346000	1.830000	1016.992004	-0.380625	0.612500	-