AccX[mg]	AccY[mg]	AccZ[mg]	GyrX[dps]	GyrY[dps]	GyrZ[dps]	
-2.745000	8.540000	1012.051025	0.883750	-2.205000	0.000000
000:00:00:096 [INFO] [main.cpp:54] 