AccX[mg]	AccY[mg]	AccZ[mg]	GyrX[dps]	GyrY[dps]	GyrZ[dps]	
5.307000	64.111000	1051.213013	0.883750	-2.205000	-3.093125
000:00:00:058 [INFO] [main.cpp:54] 