AccX[mg]	AccY[mg]	AccZ[mg]	GyrX[dps]	GyrY[dps]	GyrZ[dps]	
--7-7.930000	1.281000	1016.442993	-0.100625	0.341250	-0.293125
0125.111000	24.644001	1002.230042	-0.367500	0.826875	3.045000
0--5.49000-13.4-2-6.039000	-1.281000	1053.225952	-0.765625	0.46-7.503000	12.322001	1041.941040	-0.210---12.688--12.871000	-0.122000	1015.223022	-0.341250	0.634375	-0.35000-4-9-6.039000	-1.098000	1020.468994	-0.070000	0.463750	-0.411250
-8.----1