AccX[mg]	AccY[mg]	AccZ[mg]	GyrX[dps]	GyrY[dps]	GyrZ[dps]	
-10.126000	7.259000	1016.382019	-0.306250	0.437500	-0.328125
000:00:00:894 [INFO] [main.cpp:54] -9.333000	-2.928000	1016.199036	-0.266875	0.625625	-0.367500
000:00:05:188 [INFO] [main.cpp:5